Ticker,Equity Bond
ACLX,-1.9996986919221742
ACMR,10.127654317579312
ACNB,11.460374278412932
ACON,-72.70004441455349
ACRS,-34.59198833851933
ACRV,-34.81997445285898
ACT,16.599029074379075
ACTG,16.33218904176727
ACTU,-13.535276080331274
ACVA,-2.3078274962081036
ACXP,-102.42698936591736
ADBE,3.5611293331569267
ADD,-4331.506455203358
ADEA,5.786128621914774
ADGM,-202.4114910042403
ADI,3.543197849115455
ADMA,-0.7253149240653913
ADN,-505.80015619562255
ADP,3.5489557425344453
ADPT,-19.82684403208601
ADSK,1.4334350068748958
ADTN,-28.470896142234253
ADTX,-373.23934174053545
ADUS,3.585376462229424
ADV,-10.629296853806496
ADVM,-133.42902425166713
AEHR,4.567868370740009
AEI,-645.7802568790254
AEIS,2.918234847341982
AEMD,-128.9640894766411
AENT,-14.33292829642345
AEP,4.174000853362335
AERT,10.535041467538134
AEYE,-2.566136363428783
AFBI,7.170750723230222
AFCG,12.576343167113324
AFRM,-6.155346501322813
AGAE,-7.410579059538384
AGEN,-310.6225023986831
AGFY,-38.42859760285755
AGIO,-18.365942204870972
AGNC,1.7358914026338514
AGNCM,1.2918430549173852
AGNCN,1.2631689684180507
AGYS,0.6618818703938559
AHCO,-52.53021221625582
AIMD,-153.94137633365887
AIOT,-0.642177713496437
AIP,-7.6312950329512335
AIRE,-8.769671869714863
AIRG,-16.37788941254934
AIRS,1.0527390817157143
AIRT,-20.084625391750148
AIRTP,-21.884492564908946
AITR,-0.04226808002287035
AKAM,4.432251473390327
AKBA,-11.225966251130568
AKRO,-3.697122885547113
AKYA,-46.5901300543643
ALAB,-0.1474531234593706
ALBT,-457.1383087857296
ALCE,-1888.984558183575
ALCO,1.065940059500245
ALCY,6.51624584793114
ALDX,-12.194216837890956
ALEC,-77.93998988751996
ALGM,4.999302406918462
ALGN,3.9797580032367095
ALGS,-111.12334105081467
ALGT,8.864647503571362
ALHC,-5.029752703763175
ALKT,-1.7853335134427557
ALLK,-849.4089352285364
ALLO,-93.46363170488357
ALLR,-237.99642534121813
ALMS,-44.11548856711705
ALNT,7.219871396441854
ALNY,-1.2242185189490673
ALOT,4.054834547839121
ALRM,3.229597476096957
ALRS,2.934018075239135
ALT,-19.309783409931477
ALTI,-89.32620004593704
ALTO,-23.19204383005228
ALTR,0.19041328861008697
ALTS,-20.587291130600484
ALVR,-385.73009193519965
ALXO,-230.97233514330728
ALZN,-240.22647040587776
AMAL,12.042368863425624
AMAT,5.309992585330495
AMBA,-2.258756464041796
AMCX,95.9768425542837
AMD,0.26531707725200926
AMED,1.3127470185534142
AMGN,5.058696483596559
AMIX,-41.69586948983322
AMKR,7.506217150039911
AMLX,18.527465697415305
AMPH,10.673660755742471
AMPL,-7.688911570816516
AMRK,31.38729760561497
AMRX,-1.5888585498139627
AMSC,-3.3537869977424215
AMSF,8.123569553805774
AMST,-30.140780850527037
AMTX,-93.6655488261927
AMWD,10.772866504786242
AMZN,1.5044033895778635
ANAB,-32.276464401730486
ANDE,12.423615823696215
ANEB,-17.84779066173052
ANGI,-20.02133286076174
ANGO,-12.18535125095926
ANIK,-33.715963105592074
ANIP,1.632678818477992
ANIX,-11.014813759798527
ANNX,-35.7764145858457
ANSC,0.3596710200033063
ANSS,1.952581078273296
ANTX,-198.75951244290368
AOUT,-5.820459855880994
APA,36.29719617670099
APDN,-106.70528856304011
APEI,-13.703021755090298
APGE,-4.791706044480174
APLD,-2.8155988015059483
APLM,-1792.9461900622932
APLS,-14.85616399638893
APLT,-182.9832582763244
APOG,10.736068644379746
APP,0.3486821974095047
APPF,0.1452796516572912
APPN,-7.3080896432806535
APPS,8.356358613494272
APRE,-68.70638588456359
APVO,-293.9686460765668
APYX,-39.8134198201089
AQMS,-190.71139732993208
AQST,-2.8936832537802566
AQU,4.50063026509699
ARAY,-3.082129348178227
ARCB,8.781855385809507
ARCC,9.660390271563534
ARDX,-5.229226979625153
AREB,-397.7296044600469
AREC,-21.75850260357609
ARHS,27.31951684750451
ARKO,5.779625455407633
ARKR,-12.260576404655934
ARLP,18.233072793771317
AROW,8.605798368584674
ARQ,-4.634139352914849
ARQT,-17.439360188966408
ARRY,16.608885277590325
ARTL,-243.8485572195693
ARTNA,7.802087805317701
ARTV,-23.257482737671435
ARTW,12.864927833642659
ARVN,-30.97036884607332
ARWR,-8.809839045459565
ASLE,-2.144321079909919
ASMB,-69.76428529621953
ASNS,-81.7204656698902
ASO,23.153046397172563
ASPI,-3.9708976608939044
ASRT,-328.50245143923183
ASRV,-10.004847038303643
ASST,-66.90264461571958
ASTC,-85.20298825489797
ASTE,5.698375211624741
ASTH,5.423928577586775
ASTI,-610.6580694644779
ASTS,-5.137760763349684
ASUR,-2.9432402184902497
ASYS,-21.249763805977985
ATEC,-11.504859646805887
ATER,-454.64778085746724
ATEX,-2.8047625087233374
ATHA,-608.7317217510703
ATLC,15.575643850141946
ATLN,-2.147644891959123
ATLO,8.082238791959275
ATLX,-46.01004221658088
ATMC,2.447217749509905
ATMV,6.620209923397362
ATNF,-527.3932233795064
ATNI,-11.908897861103306
ATOM,-8.305262051203826
ATRA,-562.6527951073776
ATRC,-1.5420773609481067
ATRO,-4.843371128416377
ATSG,5.758662237584853
ATXI,-395.83978724290796
ATXS,-17.383720140722208
ATYR,-16.817254120312352
AUBN,0.8439400298945955
AUID,-26.72778282489364
AUR,-8.673771637002828
AURA,-19.88152466225572
AUUD,-341.1742302338881
AVAH,-15.570301737010439
AVAV,-3.8590017370905754
AVBP,-7.465638615721295
AVDX,-2.1034736105669904
AVGO,1.4792584979472545
AVGR,-1040.0047181698762
AVIR,-54.71222539443548
AVNW,8.59098357047952
AVO,-0.10847252889816643
AVPT,-0.5337034336523021
AVR,-20.986436727796963
AVT,22.838440392230805
AVTE,-100.52463562899996
AVTX,-37.44210901318133
AVXL,-6.481661305347785
AWRE,-21.38462735628823
AXDX,-183.82339595574007
AXGN,-2.753640465873158
AXON,0.3088630970051039
AXSM,-4.576710611539812
AXTI,-20.546508852033636
AYRO,-776.9054512291364
AYTU,-169.0734371083899
AZPN,-1.0795527907693976
AZTA,-1.2786485513436052
BACK,-419.633192666066
BAER,-55.123316950128945
BAFN,12.2025809424693
BAND,-4.292255288748727
BANF,6.973506840291077
BANR,9.485980369155724
BANX,13.572784365736235
BASE,-7.296755462030781
BATRA,-28.507158645513957
BATRK,-6.365196746275909
BBCP,9.198115535115983
BBGI,-1302.241615726182
BBIO,-11.1393405830819
BBLG,-286.02228841904764
BBSI,6.214555109991537
BCAB,-468.5639825596418
BCAL,7.183916167581102
BCAX,-7.766185175138382
BCBP,22.791049481234918
BCDA,-104.73280020587765
BCG,1.4141400915262894
BCML,12.503688060409871
BCOV,-10.7477751843119
BCOW,-12.286627362364799
BCPC,2.6244110864952668
BCRX,-14.333228549296942
BDSX,-35.49237980497752
BDTX,-59.467591147435186
BEAM,-6.1897730378358595
BEAT,-24.618229513908947
BECN,8.059858302712932
BEEM,-41.93976537095145
BELFA,48.45638204470997
BELFB,10.215626990544964
BENF,-5089.18153824679
BFC,9.843835168544226
BFIN,7.735279658778568
BFRG,-26.72556647885293
BFRI,-202.40870891315507
BFST,11.532231447498154
BGC,1.6279003037284139
BGFV,-30.869367872016145
BHF,-41.40366963487964
BHFAP,-59.72237256922094
BHIL,-836.0915950462959
BHRB,2.647346850979389
BIAF,-71.52048405069186
BIGC,-13.180442295134624
BIIB,6.252156410980023
BIOA,-37.817584812111114
BIRD,-441.67874646018106
BIVI,-176.7758375918776
BJDX,-501.51952451987984
BJRI,1.1967075116566273
BKNG,3.528854959589926
BKR,5.660554378779274
BKYI,-187.545170000403
BL,1.5225922351092371
BLAC,3.603497096402858
BLBD,2.313896328888295
BLDE,-19.38680919373151
BLFS,-5.3657707382787425
BLFY,-3.3719267989291013
BLIN,-43.765647975931785
BLKB,0.4548724347123069
BLMN,25.616316847564942
BLNK,-169.36504546158903
BLTE,-1.7208184726567024
BLUE,-310.2379900336702
BLZE,-19.552518353099888
BMBL,0.6103362598239446
BMEA,-82.33153469245701
BMRA,-82.16693054008269
BMRC,6.564698595527416
BMRN,1.5845626231412997
BNGO,-1881.8617259001612
BNIX,0.8326794742163803
BNTC,-7.140627358976806
BNZI,-130.41442444569674
BOF,-21.362678222302325
BOKF,9.863514203981817
BOLD,-99.40678477347222
BOLT,-354.5068120002685
BOOM,30.336783055995266
BOTJ,16.276492687707673
BOXL,-502.87101170482214
BPMC,-7.143963696145658
BPOP,9.63979240958852
BPRN,13.99122291175175
BPTH,-366.7764669210879
BRFH,-5.161912789922104
BRID,4.8598326052877034
BRKL,8.740034068059792
BRKR,6.330024900028819
BRLT,18.150640785531728
BRTX,-63.790930472204934
BRY,16.95002075746791
BRZE,-3.859480307780093
BSBK,0.4716363568994129
BSET,-2.004898237151322
BSGM,-160.0620744044843
BSRR,11.041303729312974
BSVN,9.420204619467707
BSY,1.3765847567570904
BTAI,-1172.5178319637193
BTBD,-9.31866563836824
BTBT,-2.8967783126106856
BTCS,13.996564805937743
BTM,5.37312630348719
BTMD,-0.07473288325788563
BTOC,12.272285322142604
BTOG,-640.8844858737792
BTSG,-4.29543480163683
BUSE,11.389497365460896
BVFL,11.584878144463593
BVS,-17.645355897522865
BWB,13.833516835549602
BWEN,21.111689668329735
BWFG,19.616309574105017
BWIN,-5.8755916392654
BWMN,-1.4835568127080425
BYFC,14.346405068118868
BYND,-135.25263607524082
BYRN,-1.3655404912866627
BYSI,-32.047051336985255
BZFD,-66.47796944655319
CABA,-58.66916979210577
CAC,7.181870654336092
CACC,5.975476242367995
CADL,-11.930509710186161
CAKE,3.4553578931540265
CALC,-96.5295333114409
CALM,21.156235036116357
CAMP,-55.0643396271859
CAPR,-3.2289877986462554
CAR,62.108418428140155
CARA,-542.3816925499584
CARE,7.16749179293366
CARG,1.5296221752790722
CARM,-455.3455464934564
CART,-16.668881723213495
CARV,-50.655667461622635
CASH,9.539191922241757
CASI,-71.90967278637346
CASK,-579.7920068913005
CASS,6.701556572317495
CASY,3.8466154067225804
CATY,12.231999880145205
CBFV,20.172515472214457
CBLL,-3.548354508635523
CBNK,8.992577626614715
CBRL,7.347670871092758
CBSH,6.98781100424741
CBUS,-443.88669436608603
CCAP,11.632485887100273
CCB,4.327337950877287
CCBG,10.186036607589323
CCCC,-55.32234214288076
CCCS,-1.1776140442482765
CCD,-2.6106278365793845
CCLD,-80.65700905428301
CCNE,13.667994222941923
CCOI,32.27997634286015
CCRN,17.515402366722487
CCSI,19.258695899322518
CDIO,-47.18526408065867
CDLX,-90.76868057747808
CDMO,0.1991827284612366
CDNA,-15.202409185171495
CDNS,1.5669042833439228
CDT,-15.808478072015742
CDTX,-10.842212540343706
CDW,5.483853417927696
CDXC,-1.1775526836555577
CDXS,-21.920743604041057
CDZI,-8.295774647078519
CEAD,-50.204721941230524
CECO,2.1775273231879675
CEG,2.5536023603123037
CELC,-13.525536600974089
CELH,5.224416310420757
CELU,-408.1485909147373
CELZ,-95.4148263269618
CENT,41.74055726430591
CENTA,9.836851072905096
CENX,-3.961678010140894
CEP,-0.23927969870739416
CEPO,-0.0016835571934248168
CERS,-11.164657432771637
CERT,-2.4501333023941965
CETX,-137.81800429140787
CETY,-24.546863837388734
CEVA,-1.1017658568720292
CFB,10.786454755131933
CFBK,17.21585865601691
CFFI,12.016451307994434
CFFN,-17.97395132009039
CFLT,-5.441058599551146
CFSB,3.4356240745250775
CG,-3.1007542096030116
CGBD,10.057163317172394
CGEM,-28.889000696205404
CGNX,2.026013116993186
CGO,4.313260428540044
CGON,-2.1746465020918593
CGTX,-93.19514951555
CHCI,10.462178240378465
CHCO,8.342727738975096
CHDN,6.209992845554833
CHEF,2.561826090364962
CHMG,13.131660771363448
CHRD,19.739044424994596
CHRW,3.528709539453586
CHTR,14.139176448051566
CHW,6.8764915555343835
CHX,7.798099895767499
CHY,-1.1243520182771434
CIFR,-1.0871916403235815
CINF,10.633420106751753
CISO,-700.2054621769249
CIVB,15.387631315357456
CKPT,-33.98020153686566
CLAR,-11.428075385069624
CLBK,2.978251462752125
CLDX,-9.01372624373524
CLFD,8.462075939359265
CLMB,2.918569494132576
CLMT,3.1528889188983125
CLNE,-14.511127506924492
CLNN,-131.3220126316581
CLOV,-12.013248113693532
CLPT,-4.724306737821926
CLRB,-354.76555002728503
CLSD,-45.56555118853405
CLSK,-4.415422647788911
CLST,1.3727295457795707
CLYM,-26.222494343933633
CMCO,7.522055234077375
CMCSA,16.35900831764184
CMCT,-495.66281223732557
CME,4.789646065171744
CMLS,-718.1031715776511
CMPO,7.705398248531517
CMPX,-10.027512409389006
CMRX,-24.011482692019033
CMTL,-56.247763090628865
CNDT,-53.654458499650026
CNFR,-203.6921465334804
CNOB,12.086196648886364
CNSP,-340.8765683691884
CNTX,-36.64335309318975
CNTY,-24.895092131897357
CNVS,-16.303291970930932
CNXC,12.824381446553554
CNXN,5.939578033817463
COCO,2.757812971997821
COCP,-94.52822248781419
CODA,3.8359106558106753
CODX,-162.39092195578883
COEP,-76.38286562023706
COFS,8.615455262060737
COGT,-19.37559489500957
COHU,4.374218982298485
COIN,-0.13185833856664256
COKE,5.279447842546916
COLB,8.225213900702439
COLL,7.526588187328276
COLM,6.6946891980554994
COMM,-66.5094773828125
COO,2.169932235339027
COOP,9.920754392804124
CORT,1.7863329545387319
CORZ,-7.138846344519891
COSM,-110.24814508835772
COST,1.9008394769375374
COYA,-6.836107647249744
CPB,9.923553566433323
CPBI,3.4947995406661945
CPHC,14.382386497026134
CPIX,-21.012959535841055
CPRT,2.7928727347128572
CPRX,3.503060313906021
CPSH,7.724480558839401
CPSS,24.416650386768342
CPZ,3.5658072357520663
CRAI,4.227607453672419
CRBP,-38.508550399433915
CRBU,-82.12098638449021
CRCT,28.460594100588253
CRDF,-15.534818855525181
CRDO,-0.14916607432383894
CREX,-10.97173977385991
CRGX,-58.42044907978433
CRIS,-160.45176568076664
CRKN,-269.8440185382766
CRMD,-7.745444355832974
CRMT,6.582890990060037
CRNC,-7.444891537572711
CRNX,-5.96362568230723
CROX,15.541642497957515
CRSR,-0.364745019222765
CRUS,4.827535302144281
CRVL,1.419080654470418
CRVO,-11.591984320999149
CRVS,-8.296588415770325
CRWD,-0.16326942427211116
CRWS,15.94801933588891
CSBR,-3.84099326350164
CSCO,6.300911946112296
CSGP,1.592190396624061
CSGS,5.379376720614113
CSLR,-73.27704458900386
CSPI,2.4850852791626297
CSQ,5.828113534283925
CSTL,-7.124229568098627
CSWC,3.7710607663570284
CSWI,2.3275779618033687
CSX,7.8015172580018515
CTAS,2.074920197946741
CTBI,10.312567563819346
CTCX,-166.5716864770995
CTHR,-310.5626266542926
CTKB,-2.262594998131116
CTLP,0.13584401056965195
CTMX,5.054353808286248
CTNM,12.981455254414056
CTNT,3.1868984503433317
CTOR,-13.839040581083454
CTRN,35.790780891912284
CTSH,6.780393416380559
CTSO,-48.122969788083296
CTXR,-138.28716134211757
CUBA,20.270943754797546
CUE,-56.79665457595274
CURI,-33.54687605722228
CUTR,-1870.9146945542495
CVBF,11.096314883271715
CVCO,7.3717910738728225
CVGI,50.65527968914849
CVGW,3.0219935033443837
CVKD,-23.71488920435203
CVLT,-0.21916728923283285
CVRX,-10.9437913154314
CVV,-16.696713319263612
CWBC,9.431183527191626
CWD,-293.7033676453458
CWST,0.5456026322610408
CXDO,-0.1700021342995224
CYCC,-652.2899920319068
CYCCP,-29.630510972369205
CYCN,-87.34383466137392
CYN,-907.4253376202021
CYRX,-27.233714779683392
CYTH,-80.63872129532001
CYTK,-9.200796165640003
CZFS,7.475323873375308
CZNC,9.391911836373874
CZR,-0.7947636309380499
CZWI,12.041993047803507
DAIO,2.454159547799449
DAKT,1.752918814114523
DALN,-20.128222895822663
DARE,-110.05305235632844
DASH,-0.7195061444968447
DAVE,-4.747197235017006
DAWN,-15.5204780317421
DBX,7.786209676587727
DCGO,3.37857609046699
DCOM,10.187802889879825
DCTH,-8.524736719769708
DDOG,0.13433871980584094
DECA,4.177338912487585
DENN,8.277752579050924
DERM,-5.0397465606921195
DFLI,-81.89031744693119
DGICA,1.2040538820886928
DGICB,6.806273773445046
DGII,2.257466064843862
DGLY,-1718.164773411371
DH,-56.161976402967376
DHC,-45.02408824289011
DHIL,14.485709849390528
DIBS,-15.532139238079587
DIOD,10.626412859066425
DJCO,5.204398536518168
DKNG,-3.9204083726441734
DLHC,0.7712838965751563
DLTH,3.2580744603469505
DLTR,13.702308295578636
DMAC,-7.665063443085615
DMLP,7.7411470797920225
DMRC,-5.86934850495847
DNLI,-4.61922216414233
DNTH,-6.667883332754903
DNUT,-2.7186152927912994
DOCU,-0.4610412129022802
DOMO,-32.939460634352685
DORM,4.210401432890289
DPZ,4.144736137460399
DRCT,-84.60350364461677
DRMA,-118.27050120495046
DRRX,-118.6205165640085
DRVN,-31.590295684297022
DSGN,-25.01841713516486
DSGR,-0.13720753851687867
DSP,-2.786162061759926
DTI,18.174028525457164
DTIL,-118.71141645182517
DTSQ,-0.004681313194511178
DTSQU,-0.005332089372841441
DTST,0.9832218756138855
DUOL,0.12871283995979282
DUOT,-18.6416390034022
DVAX,-0.2567271538258901
DWTX,-28.035613640778116
DXCM,2.0893321582993276
DXLG,40.38221658973312
DXPE,5.643204889731127
DXR,0.7452795922870232
DYAI,-15.73004299670069
DYN,-16.715404372622316
EA,4.113416963168891
EAST,-181.20910192035592
EBAY,11.519856603112194
EBC,-3.535010486233469
EBMT,9.595620953158637
EBTC,9.931587842961257
ECBK,4.794948885957038
ECDA,-7.311721505979331
ECOR,-17.737371485994153
ECPG,-15.591944833037902
EDIT,-146.1510170867706
EDSA,-123.83456101409998
EDUC,-25.1093133285326
EEFT,9.331594541866638
EEIQ,-49.987584933358214
EFOI,-64.72020865433198
EFSC,11.321600976863403
EGAN,1.900738615358701
EGBN,16.68868354921395
EGHT,-19.790774239759195
EHTH,-10.68777866081641
EKSO,-131.5438741040891
ELAB,-80.91437795316796
ELDN,-43.738999615511766
ELEV,-120.69614703733038
ELSE,2.3548902237551586
ELTX,-32.735106052256526
ELUT,-49.37450180515603
ELVN,-6.689990419586808
EMBC,10.12970420180801
EMKR,-178.84334941096563
EML,6.685658684416415
ENPH,5.942761888184356
ENSC,-123.38145852012497
ENSG,3.342649614465265
ENTA,-118.77428420461602
ENTG,1.1497336414662995
ENTO,-582.884342152407
ENVB,-1377.0927634025643
ENVX,-9.628191880214237
EOLS,-7.483638141926615
EOSE,-18.771171198054798
EPSN,7.73624067626529
EQ,-54.134964854927205
EQIX,1.2733854156950453
ERAS,-25.129042821791863
ERIE,3.0142928107414266
ERII,2.7735710152293347
ERNA,-116.65442879833539
ESCA,6.174534747842983
ESLA,-27.92773125418216
ESOA,5.420182493115648
ESPR,-58.67314189885187
ESQ,7.793812828088444
ESSA,10.932889375565962
ETNB,-10.373029316169212
ETON,-0.1586539494972241
ETSY,4.74918728109453
EU,-3.7980940558765934
EVCM,-2.401797337999668
EVER,-7.950752708467576
EVGO,-30.03499321560105
EVLV,-16.979616242734505
EVOK,-109.70230607423395
EVRG,5.039366069144692
EVTV,-167.0056027549492
EWBC,10.530962438192452
EWCZ,6.196396766269192
EWTX,-3.751120339501552
EXAS,-1.9733365422231226
EXC,6.6280799331435425
EXE,13.111541979428601
EXEL,2.742550041334436
EXFY,-13.662411041284797
EXLS,2.9028034969009586
EXPE,4.886422533835242
EXPI,-0.7983152854868993
EXPO,2.9164275418093646
EXTR,4.657488320768732
EYE,-7.0913811373863505
EYEN,-485.8293071953664
EYPT,-14.449903483055726
EZFL,-48.79975765761104
EZPW,8.404644010440043
FA,1.4926788101180888
FAAS,-0.22688645440885766
FANG,8.845144494018198
FARM,-88.91727415030478
FARO,-9.394501656163651
FAST,3.601075556565392
FAT,-152.1418570580481
FATBB,-1713.676513215573
FATE,-111.25692365701552
FBIO,-304.9547933643109
FBIOP,-40.91406380164403
FBIZ,10.823755698511112
FBLA,0.6352747491997369
FBLG,-28.905020994145453
FBNC,7.380660884005709
FBRX,-32.88753277515972
FBYD,-256.9777943131512
FCAP,14.063905970109492
FCBC,7.929038719087401
FCCO,7.739764562249177
FCEL,-72.29131116151815
FCFS,6.037807163427077
FCNCA,44.351674639124454
FDBC,8.010950196931905
FDMT,-36.78433735559023
FDSB,1.3102126209540195
FDUS,10.419208204577798
FEAM,-122.4601164819514
FEIM,-3.3509770787240156
FELE,5.342348059746472
FEMY,-55.04393474782231
FENC,-8.998408944457749
FFBC,12.176151204961855
FFIC,8.714465341703018
FFIE,-448.32756815043535
FFIN,4.637835658344583
FFIV,2.837807025921042
FFNW,4.028168238216033
FGBI,9.236138862273222
FGEN,-598.5597192617685
FGF,14.47473283859487
FGI,17.06937545331304
FHB,8.867120514422052
FHTX,-42.55962128551417
FIBK,10.142728487319557
FINW,10.075076561358474
FIP,-20.51546140287511
FISI,11.75358850461651
FITB,10.237946783003418
FITBI,17.65122339471504
FIVE,6.842518438922901
FIVN,-2.6081475749460727
FIZZ,4.846899623366715
FKWL,-7.125617326094982
FLGT,-34.85307683807201
FLIC,10.11645318826538
FLL,-12.93129192789727
FLNC,-6.178434931059144
FLNT,-113.9831605690757
FLUX,-26.5222324506005
FLWS,-16.473577017634568
FLXS,3.6725126423230106
FLYE,19.874606557837904
FLYW,-0.1780139079910247
FMAO,7.905693557595839
FMBH,9.891989611044352
FMNB,11.373837384907498
FNGR,-10.554677885658684
FNKO,-4.448083533162174
FNLC,12.599978048326854
FNWB,2.7853797240495672
FNWD,6.987397578365852
FOLD,-5.210953702326719
FONR,16.179433513361623
FORA,2.5612172267338047
FORD,2.5118263093420445
FORM,2.9119932454048363
FORR,2.214585865043666
FOSL,-184.60610420194453
FOX,14.980718801184558
FOXA,15.110101812386858
FOXF,12.838965831954846
FOXX,0.20899330256509935
FPAY,-15.523979397201598
FRAF,10.314178803979534
FRBA,7.217862222613817
FRGT,-359.34912808530373
FRME,10.139417578402451
FROG,-1.3784390224870822
FRPH,1.0922584704191975
FRPT,-0.407839538878815
FRSH,-2.877744542764824
FRST,-4.152208732688138
FSBC,10.57431393332612
FSBW,14.496219762476425
FSEA,-14.15845769667782
FSFG,5.037104576201688
FSHP,-0.06878742201831374
FSLR,4.979544413247106
FSTR,0.31992834201615405
FSUN,11.573212409460913
FTAI,1.6584218869835823
FTCI,-101.77667726770028
FTDR,5.190135456585029
FTEK,-4.874883284832575
FTHM,-84.28889095193256
FTII,8.130248705354486
FTLF,4.868842734802837
FTNT,1.7245725176907578
FTRE,0.07825845066765129
FULC,-47.363477604184354
FULT,9.696774802109337
FUNC,9.350444461058068
FUND,12.162246692405681
FUSB,16.00888323002114
FVCB,1.9421052103832963
FWONA,9.964905058975067
FWONK,0.9918738424718498
FWRD,6.361446616704169
FWRG,2.84293004198923
FXNC,5.247235103143547
FYBR,1.3139015623254775
GABC,8.526588972431606
GAIA,-5.490461377307284
GAIN,7.252106487322722
GALT,-53.19635808711462
GAME,-111.33657119926934
GANX,-38.726849844668436
GBBK,6.991375772529134
GBDC,6.30760495154455
GBIO,-249.42020224051885
GCBC,8.000583468459162
GCMG,-0.8578390717187596
GDEN,37.655969523215255
GDRX,-11.339301436837957
GDST,1.133192521537267
GDYN,0.2547835372128261
GECC,20.779567621482123
GEG,27.722041912803896
GEHC,5.905311588246385
GEN,4.831693955439516
GENK,37.24506121384317
GEOS,10.992469672887752
GERN,-10.687486996262976
GEVO,-15.804526013349976
GFS,4.737779630383181
GH,-8.145692479181687
GIFI,-21.353006438311887
GIFT,-0.38345164749841504
GIII,-10.66508886645739
GILD,5.594249870337547
GIPR,-47.20325473018148
GLAD,6.512334712685142
GLBZ,11.080618207843104
GLDD,2.515785210222217
GLPI,5.700463218719736
GLSI,-5.211520627523185
GLST,10.650248827334611
GLUE,-33.757473507812925
GLYC,-218.23725786546512
GMGI,-0.2058155365575261
GNLN,-1098.4448535488416
GNLX,-23.209510943772028
GNPX,-636.2390397136346
GNSS,-7.997988079768308
GNTX,8.821458627395828
GO,6.486036813633465
GOCO,-91.73915599539387
GODN,11.365667762483096
GOGO,9.16855193918025
GOOD,0.69521824708739
GOOG,7.643682182451117
GOOGL,7.290181881229032
GORV,-156.27630460864518
GOSS,-77.04171667335326
GOVX,-155.47242661033374
GPAT,-0.004769361413043478
GPCR,-5.50617575325039
GPRE,-14.759476154003238
GPRO,-59.35729197053836
GRAL,-155.57923279087106
GREE,-250.8762417970082
GRI,-231.7179551814305
GROW,14.486576978327825
GRPN,-10.469693155536827
GRWG,-57.667303939357986
GSBC,12.497403055489405
GSHD,1.0150982387613559
GSIT,-21.560174647776794
GT,-27.311558316026602
GTBP,-151.1166409816117
GTIM,3.3214486770501033
GTLB,-1.755817139451117
GUTS,-94.28000860481951
GWAV,-206.26734082888012
GWRS,3.8764050914891603
GXAI,-39.87761871620353
GYRE,-7.751035844220603
HAFC,15.764750479666345
HAIN,-29.931051880232456
HALO,4.864702178845931
HAS,-21.630518681611395
HBAN,9.738841955013216
HBCP,12.367496088215196
HBIO,-3.5516085827205903
HBNC,5.392832764158709
HBT,11.66099879805658
HCAT,-35.39000431619787
HCKT,5.344561879258362
HCP,-4.9379188047541
HCSG,6.5630804594147305
HCTI,-305.1652414101484
HCVI,27.412817326906875
HCWB,-88.24653070168699
HDSN,26.958839948220646
HEES,6.950259160602299
HEPA,-2864.1830929061757
HFBL,17.01614753709757
HFFG,-1.854436065780137
HFWA,8.542968032575658
HGBL,17.583318545504873
HIFS,6.493348361296962
HIT,1.5067794984961338
HLIT,1.493281365071836
HLMN,-0.38631727274938815
HLNE,3.676142470256824
HLVX,-129.8922036411129
HLXB,-0.020644906226411023
HMST,-17.33604316904965
HNNA,7.134517725540654
HNRG,10.852836817260739
HNST,-6.297114598835065
HNVR,10.531083363486236
HOFT,-4.725225341531818
HOFV,-835.5230197735665
HOLO,-289.77800168525533
HOLX,4.176330173919295
HON,4.950165410035147
HONE,5.462323257372784
HOOD,-1.3449773510118017
HOOK,-440.38615899033556
HOPE,12.899396383055286
HOTH,-93.91629810292524
HOUR,-3.762760369276165
HOWL,-61.207257128660245
HPK,16.434563379172676
HQI,4.295933970280089
HQY,-0.3985036081461224
HRMY,7.856241740703146
HROW,-2.2317678149790425
HRTX,-43.01227731762172
HRZN,-4.218618639385474
HSCS,-202.55769538753123
HSDT,-334.38777158080745
HSIC,5.485803441095916
HSII,9.418246268629726
HSON,7.3342662321963115
HSPO,3.1364218744080046
HST,6.836130953396924
HSTM,1.8561029938365738
HTBI,8.994351989399012
HTBK,15.257432467405236
HTLD,2.2717274112021255
HTLF,3.488179632168821
HTZ,22.856318390784576
HUBG,7.95366650816425
HUMA,-20.021963864454474
HURC,4.829035260176197
HURN,3.734425703796926
HUT,-3.2956178084573065
HWBK,0.18966745114061087
HWC,9.671919144233595
HWH,7.056207705164637
HWKN,3.5070809787681965
HYFM,-216.83106322198523
HYMC,-92.61915053776472
HYPR,-61.623164002198706
HYZN,-3713.6631388986148
IAC,10.987156523562746
IART,4.040820206322489
IAS,0.2789892270860851
IBAC,-0.004247942471140479
IBCP,9.893077685334784
IBKR,12.61287530892729
IBOC,12.957987336393565
IBRX,-24.98972862286994
ICAD,-8.667740722504178
ICCH,8.086104032473779
ICCT,-505.4270232647719
ICFI,4.370382187308118
ICHR,-3.409642839901549
ICMB,7.8889655914161665
ICU,-191.84231369202115
ICUI,-2.015203752440081
IDCC,5.086616262646575
IDN,-3.974155920032665
IDXX,2.762960998934755
IDYA,-5.528502350702696
IEP,-18.572123465125348
IESC,3.603976907094032
IGMS,-504.28073681157855
IHRT,-418.24195475343345
III,5.426519509235758
IIIV,-4.693357314049335
IKNA,-99.01305310780613
IKT,-12.700927383648136
ILLR,-124.20752666915291
ILMN,-5.372139708336579
ILPT,-59.41467124471386
IMG,-123.11129784519592
IMKTA,29.010627348364558
IMMR,16.27463998602099
IMMX,-29.025278235460146
IMNM,-12.222534769515587
IMNN,-164.83835223491786
IMRX,-91.60127995061976
IMUX,-107.64668822466041
IMVT,-5.971710278392765
IMXI,14.596004193197409
INAB,-164.93427781873046
INBK,1.756300627620962
INBS,-126.77226311602345
INCY,5.872267732300081
INDB,11.195550305520674
INDI,-18.132994691959624
INDP,-139.09016025379123
INFN,-1.1087917440059736
INGN,-37.328861164776086
INHD,-19.638145753985437
INKT,-72.09702575461385
INMB,-13.866682439663666
INNV,-10.622679850537365
INO,-188.0835646375924
INOD,0.013045873339575444
INSE,4.684495579241522
INSG,-25.640608239150414
INSM,-5.361471390206405
INTA,-1.2812370846390948
INTC,0.9080574275110836
INTG,-5.122461515329367
INTS,-32.44925685104874
INTU,1.7774428421449842
INTZ,-42.493985499611924
INV,-5.00669973308735
INVA,16.841675970674984
INVE,-6.499749359899801
INZY,-80.27954323061695
IONS,-6.582886578472561
IOSP,6.275091171533644
IOVA,-26.034041030563447
IPAR,5.603626361700817
IPDN,-77.14044722640371
IPGP,9.057674992904294
IPSC,-203.2107917172016
IPW,-67.63137320214642
IPX,-2.340880676124255
IRBT,-126.18253472339435
IRD,-29.25443142748368
IRDM,-0.1469201743169645
IRIX,-34.74602561177928
IRMD,2.8900864461766824
IROH,-0.3354219824064593
IRON,-4.047926879385855
IROQ,8.045639928402133
IRTC,-3.5993501637619816
IRWD,-282.7873260604215
ISPC,-613.3135313439443
ISPO,-165.2915354346325
ISPR,-1.8260934805826678
ISRG,0.949337476980338
ISRL,6.589187184695304
ISSC,3.8119843139363154
ISTR,11.162536896493068
ITCI,-1.028907022849959
ITIC,6.279268576336913
ITOS,-40.49323636492585
ITRI,2.665259210507816
IVAC,-11.660337608062674
IVDA,-32.79695887095699
IVP,-531.4638509104689
IVVD,-156.66721559304239
IZTC,-1.1124962341294502
JACK,25.110225455131257
JAKK,13.79293858071595
JAMF,-5.569503811388136
JANX,-2.3632151391117193
JBHT,5.557244561066238
JBLU,-15.941678035836148
JBSS,13.44637987899129
JCTC,0.26017397810821374
JJSF,4.159390245166371
JKHY,3.7216160973528445
JMSB,2.9973462538072884
JNVR,-43.29652677129059
JOUT,9.60209077495136
JRSH,9.71202440550629
JSPR,-69.19912380909933
JTAI,-260.6655651737687
JUNS,-14.90052587953812
JVA,-4.364710833102866
JYNT,0.9602280758774456
KALA,-75.13976023894125
KALU,5.05781577533998
KAVL,-97.14327607364106
KDLY,-22.54937141850189
KDP,6.246193186264953
KE,17.275751430643542
KELYA,5.645156353827518
KELYB,54.74622026818524
KEQU,2.5213451486010987
KFFB,4.756433985999291
KGEI,27.551521601211554
KHC,10.261407736462475
KIDS,-3.6593884437656508
KIRK,-221.4280527090143
KITT,-494.4084979586358
KLAC,3.8522009803426593
KLTR,-9.81210762493673
KLXE,26.02178952127855
KNSA,-2.1218653478827547
KOD,-85.05258795463028
KOPN,-7.6994856587285945
KOSS,15.301620507563864
KPLT,-90.6607833586453
KPRX,-108.0966607426972
KPTI,-181.87232861880972
KRMD,-5.076746085247895
KRNY,11.875187510194737
KRON,-190.752283613997
KROS,-33.93432298712219
KRRO,-25.855802528646187
KRT,7.0589060537199
KRUS,0.20095505843158074
KRYS,0.2819766904450939
KTCC,16.306364599286233
KTOS,0.22130700808715617
KTTA,-577.6059846733032
KURA,-23.790924919727782
KVAC,0.676745856312212
KVHI,-12.735608654712886
KYMR,-5.895420143130581
KYTX,-45.105817773273294
KZR,-224.46984198424872
LAB,-13.560158513242976
LAKE,2.546328992258955
LAMR,4.60888126975717
LANC,3.122150508213623
LAND,3.7478416330566455
LANDM,233.49477609423636
LARK,10.278654244122256
LASE,-5.083717059119204
LASR,-8.027548782595913
LAUR,8.897234190402655
LAZR,-399.88897219133923
LBRDA,64.52900295278322
LBRDK,9.522435664293365
LCID,-33.52880199466678
LCNB,7.027891056082939
LCUT,8.179393759107725
LDTC,-118.10362839294415
LE,-3.9352729395287285
LECO,6.3249021718672
LEE,-3.743408240082042
LEGH,11.206117822993738
LEGN,-7.599043292958695
LESL,9.724360782281034
LFCR,-30.185369939538038
LFMD,-7.227202765095231
LFST,-6.715033186565606
LFUS,5.7161660297436
LFVN,1.4760810859952662
LGIH,13.075021217300689
LGMK,-474.62704758050194
LGND,2.9357563214599565
LGTY,2.5683977312258364
LGVN,-109.09072753779483
LIDR,-532.6285549521936
LIEN,2.742086719405707
LIF,-0.8254093224600363
LILA,-27.09744658676394
LILAK,-6.653870761356366
LIN,3.6934333360513403
LINC,7.014525403418959
LIND,-5.683448614549212
LINE,-3.9867529155384442
LINK,-0.32644687361912234
LIPO,-139.95372493039832
LITE,-1.7679261932250099
LIVE,5.00786496288814
LIXT,-82.54070960202104
LKFN,6.535442761702245
LKQ,12.853709095438592
LLYVA,-9.747154522927277
LLYVK,-3.8261791893991446
LMAT,1.8397704466098568
LMB,2.773628037056938
LMFA,-200.28225467316045
LMNR,3.284589232795016
LNKB,-5.7772600726957135
LNSR,-11.627547886531689
LNT,4.648678519477127
LNTH,6.601038348377634
LNW,2.7202050697026263
LNZA,-72.57509854306137
LOAN,8.611465885121902
LOCO,9.667726038187046
LOGC,-151.78826867586073
LOGI,3.2210635745924
LOPE,5.032772400241814
LOVE,9.713959442926294
LPCN,-70.12614871891168
LPLA,5.314084159444072
LPRO,3.9508667592159057
LPSN,-78.4955647298959
LPTH,-3.0039444508873085
LPTX,-405.9417081608443
LQDA,-6.472563537636914
LQDT,2.8148718094368808
LRCX,4.963448508600502
LRFC,-3.727775849348833
LRHC,-89.18193951744772
LRMR,-16.312057082001715
LSBK,7.157429597504381
LSCC,2.8552524663207066
LSEA,15.540675069899896
LSH,6.691860696517414
LSTA,-106.97709508199928
LSTR,6.05402166765408
LTBR,-5.393527218481456
LTRN,-31.692002245468338
LTRX,-5.690304434605213
LTRY,-686.5175288886608
LUCD,-97.52660449884193
LUCY,-55.00800755516958
LUNG,-26.13597569180807
LUNR,0.7494926033601036
LVLU,-58.80827452855763
LVO,-8.083482215364626
LWAY,4.898342116112627
LWLG,-9.995190077458567
LXEO,-36.16622442108044
LXRX,-67.35861739614995
LYEL,-137.3975605384075
LYFT,-5.911873812114375
LYRA,-524.7751387009997
LYTS,5.321041857568782
LZ,2.0568142594712397
MAMA,0.812911457568062
MAMO,9.84192593328073
MANH,1.751215330703158
MAPS,-12.119016838131296
MAR,4.185002458723644
MARA,4.5568488072713365
MARPS,17.107176616915424
MASI,0.9558965100320844
MASS,-45.90928806218563
MAT,7.770521914355445
MATW,4.732781532268597
MAYS,-0.1732881779626219
MBCN,9.998791564984364
MBIN,18.613287697844296
MBIO,-995.8853772638145
MBRX,-633.786324385688
MBUU,19.983432920456078
MBWM,13.320395864748544
MBX,-9.289156160936189
MCBS,9.3229055031635
MCFT,39.24314144946658
MCHP,10.368034855600259
MCHX,-12.331091928742568
MCRB,-80.18215537882851
MCRI,6.957093762894445
MCVT,-8.429193386350164
MCW,4.011980735207682
MDAI,-55.181475121052145
MDB,-1.5469738946664722
MDBH,-25.21622450695451
MDGL,-5.263409323502214
MDIA,-15.212050042909722
MDLZ,7.659433569905111
MDRR,-27.639073366782906
MDXG,2.4410343540622916
ME,-559.7638548087623
MEDP,3.1452103106851417
MEIP,-173.13146676317393
MESA,-247.5495360336041
META,3.1052117139411735
METC,25.28791603028887
METCB,134.67807670137987
MFIC,9.045457074714902
MFIN,41.62630926731812
MGEE,4.532039800013332
MGNI,-6.495456021441558
MGNX,-5.063851885071694
MGPI,18.693415823821276
MGRC,4.990791608482949
MGRM,-14.306840612341848
MGRX,-118.98512291910939
MGTX,-17.539229359571593
MGX,-64.11736650511031
MGYR,11.544077909742606
MIDD,5.684813069071703
MIND,-7.185108388918553
MIRM,-6.9633856356859365
MITK,2.248037105564379
MKSI,-25.779101430412123
MKTW,241.55846227201988
MKTX,4.044137605509636
MKZR,-11.760604654838701
MLAB,-0.05347592990368839
MLGO,-260.55331348435504
MLKN,3.5876262853177203
MLTX,-1.597853092684967
MLYS,-14.548267050748365
MMLP,0.9777597230687352
MMSI,1.7929560419155357
MNKD,-0.6755492700930136
MNMD,-17.713236243159653
MNOV,-9.00525748771188
MNPR,-3.1615112079683776
MNRO,10.278869965773433
MNSB,26.418676148355075
MNST,4.47774744721797
MNTK,3.0868409747465946
MNTS,-444.30890830851473
MOBX,-97.66697561372611
MODD,-26.870079708309085
MODV,-381.1636399065602
MOFG,3.8455183443752814
MORN,1.2946462299293833
MOVE,-88.11011843044582
MPAA,-2.481941104343886
MPB,7.8673775670390995
MPWR,1.6492007058815463
MQ,-13.092542079200275
MRAM,7.152153234645597
MRBK,9.071551341248675
MRCC,0.6331468094667164
MRCY,-1.9386025266470237
MRIN,-342.4387295456406
MRKR,-73.26604879342224
MRNA,-28.02682350259975
MRNS,-473.3369022928481
MRSN,-245.7851356967178
MRTN,7.619657319467381
MRVI,88.15866253021079
MRVL,0.08660390771788831
MSAI,-54.50636970924385
MSBI,26.663162571614972
MSEX,3.600865614257805
MSFT,2.9236561219273405
MSGM,-314.62304108335593
MSS,10.387373564386184
MSSA,2.8013810062769986
MSTR,-0.15416983330761447
MTCH,8.73904895140447
MTEX,-4.9712265845219425
MTRX,-14.0791122236613
MTSI,1.1705479617660406
MTTR,-11.755114959632012
MTVA,-83.17848594264244
MU,-5.64748635920609
MULN,-6287.331674961942
MVBF,10.899375154803652
MVIS,-26.83528327325812
MXCT,-8.264773503296986
MXL,-4.2309532866474795
MYFW,3.6338930887347085
MYGN,-22.554460299188236
MYPS,-1.4111753326551852
MYRG,5.481954663338554
NAII,13.557918363208463
NAOV,-114.69727198581839
NARI,0.09106050425517286
NATH,7.9870705240376925
NATR,7.8891930848024305
NAUT,-29.65566731329295
NAVI,22.397507324879363
NB,-38.49134622374512
NBBK,1.472862598032303
NBIX,2.185274608970574
NBN,7.97086548258754
NBTB,6.9749967291024655
NCMI,108.42309839607698
NCNO,-2.5703810490728967
NCPL,101.90083779744683
NCSM,-4.607446273506896
NDAQ,2.9755219249086555
NDLS,-13.124517174749585
NDRA,-376.25263957481604
NDSN,4.975451389880916
NECB,20.884880728333645
NEO,-5.44983374630991
NEOG,-0.9287226398866462
NEOV,-2.3002224525533426
NEPH,-9.427620443076755
NERV,-190.26688321220342
NESR,3.3805020939268986
NEXT,-9.924341232781977
NFBK,10.463361387836967
NFE,16.715258455786454
NFLX,1.4818933180781737
NHTC,1.2163326470278413
NIXX,-20.708019572012827
NKGN,-493.29694924142285
NKLA,-1394.4715751871677
NKSH,10.319148024085557
NKTR,-185.14815486911294
NKTX,-76.73068872827808
NMFC,10.924536835284071
NMIH,13.63140175451479
NMRA,-78.4207315513122
NMRK,5.042809370642389
NMTC,-35.585733913147635
NN,-4.581223240223785
NNBR,-35.464491504139474
NNE,-0.44613070078575284
NODK,-1.375447534265244
NOEMU,-0.2163740836977417
NOTV,-83.17693277813312
NOVT,1.5856832609512417
NPCE,-8.112592803688564
NRC,10.582049363711185
NRDS,1.0708774920432613
NRIM,6.635709439021575
NRIX,-10.009910192160541
NRXP,-63.65637129547367
NSIT,6.93873115030014
NSSC,3.161039688222853
NSTS,-4.6474582409851335
NSYS,19.827695656116802
NTAP,4.379659030742376
NTCT,3.9797829813970647
NTGR,-2.418697889643117
NTIC,5.025310911471972
NTLA,-49.52371942572197
NTNX,-1.267733083037807
NTRA,-1.8641653332004986
NTRB,-5.484933307913402
NTRP,-44.69978425265889
NTRS,6.744823552828071
NTWK,-10.66285307490138
NURO,-73.99337755969208
NUTX,-18.197649866098054
NUVL,-2.267015722919436
NUWE,-381.6908054310855
NVAX,-40.213810249292024
NVCT,-16.942857055870324
NVDA,0.14634214066537224
NVEC,8.065910918092232
NVEE,4.057528307976206
NVFY,-162.91861752447298
NVNO,-41.00956494564611
NVTS,-27.03816296738245
NWBI,10.76077296717408
NWE,6.114749748531636
NWFL,8.797862820134865
NWL,-13.61093286275768
NWPX,6.098958599746596
NWS,5.455478115870289
NWSA,3.1086442964618706
NXGL,-12.85781078227054
NXL,-11.419445617412096
NXPL,-85.00640150715041
NXST,8.491330242874659
NXT,2.420899084318471
NXTC,-289.9121353335898
NXU,-469.42193155527735
NYMT,-14.325140201199915
NYMTN,-2.4267846424539568
OABI,-16.620889904390438
OB,5.65025423103854
OBIO,-23.272863119537405
OBLG,-90.82274042162472
OBT,12.629359398258702
OCC,5.155471890550303
OCCI,-1.2847794889114603
OCEA,-1798.7844619632267
OCFC,13.477618639193095
OCGN,-30.09889865049117
OCSL,9.076373537681306
OCTO,-1673.7184039549372
OCUL,-6.80175202294599
OCX,-69.3131895344697
ODFL,4.239490620381458
ODP,31.29360548781189
OESX,-61.404588606432206
OFLX,7.096925150576487
OFS,-0.4268931561618405
OKTA,-5.250899428993946
OKUR,-47.3810462477307
OLB,-786.4158919004763
OLED,3.6128777043842826
OLLI,2.0299965920217127
OLMA,-21.84336811365292
OLPX,7.6642304470849725
OM,-404.211577076257
OMCC,-79.6537732875608
OMCL,-0.9998630304998362
OMEX,-26.092826538780294
OMGA,-367.29320966486364
OMIC,-188.19011858898963
ON,11.849224399042829
ONB,10.005446763527544
ONCO,-422.4675296760222
ONDS,-29.22690456753177
ONEW,-15.801140959576912
ONFO,-129.1559873038127
ONVO,-323.93381166314373
OPAL,146.01421449941475
OPBK,16.411523607266904
OPCH,6.869815072805274
OPEN,-29.028731862777136
OPI,-71.42764586349777
OPK,-18.26387237415775
OPOF,7.248090279346549
OPRT,-152.60991086675844
OPRX,-23.84023602752534
OPTN,-58.71523817713998
OPTX,1.688114178331157
OPXS,6.204059290105421
ORGN,16.303295421405657
ORGO,2.423927693061339
ORIC,-14.058818852306871
ORLY,3.9548118874281064
ORRF,6.704635731615663
OS,-24.017925412366377
OSBC,14.857533714132277
OSIS,3.517790042228561
OSPN,-3.9157491243405484
OSS,-7.789035539988676
OSUR,19.288678334398178
OTLK,-99.69015021757195
OTRK,-417.51278241477905
OTTR,11.408806589659944
OUST,-75.55982174178669
OVBC,14.02637675006691
OVID,-111.52453036104856
OVLY,18.920758818529894
OXLC,-8.397111924391536
OXLCO,-20.45860519546234
OXSQ,9.300473354370563
OZK,15.39557137675786
PAA,11.590362780220907
PACB,-74.04213762951267
PAGP,38.53634602750655
PAHC,12.260417906403955
PALI,-340.75761055111894
PAMT,8.530666625673458
PANL,8.681887843131557
PANW,0.4721259837215497
PARA,-18.646084313179824
PARAA,-136.27356614098383
PASG,-288.11909009714896
PATK,5.946171676666841
PAVM,-1085.0103404717356
PAYO,3.479889433673621
PAYS,1.7379346917413798
PAYX,3.827512339851675
PBBK,6.904818257281038
PBFS,9.465337169021192
PBHC,14.877768225682717
PBPB,1.7700510763711708
PBYI,16.55584132161439
PCAR,9.992001785426838
PCB,15.546964152661612
PCH,1.7674167013666957
PCRX,5.1894937751895585
PCSA,-344.2308593361676
PCT,-6.505985487336069
PCTY,1.3786498137568866
PCVX,-3.805566161917488
PCYO,2.219406406839688
PDCO,9.88029514532172
PDEX,8.19009128911342
PDFS,0.46270228706812794
PDLB,1.9402264013823032
PDSB,-74.55929273187135
PDYN,-49.78579951145773
PEBK,13.466871342382062
PEBO,12.696781211371649
PECO,1.4365136528724978
PEGA,1.031180946038492
PENG,-3.701747700456116
PENN,-16.27049509201623
PEP,5.537691572927447
PEPG,-192.79352798068453
PESI,0.5165305806543995
PET,-102.51798297094076
PETS,7.490693831628441
PEV,-221.77225420801912
PFBC,17.862119239664658
PFC,13.610240941890114
PFG,3.98921287895758
PFIS,6.381161173975329
PFX,27.361696280500443
PGC,12.121979839558973
PGEN,-25.309820230000785
PGNY,3.517634074824542
PGY,-31.426524353956154
PHAT,-52.36635139088393
PHIO,-111.0954445941999
PHLT,-4.32678429559313
PI,-1.2693802324816086
PIII,-611.1225235242072
PINC,11.612514384768899
PKBK,16.08995923959527
PKOH,12.122397469507074
PLAB,19.036025823785803
PLAY,16.288841361502733
PLBC,14.971340704019005
PLBY,-114.83713505655754
PLCE,-12.598301550614352
PLL,-10.804769760431444
PLMJ,30.07583166864889
PLMR,3.6588414667213556
PLPC,11.694465439997188
PLRX,-23.71391212807333
PLSE,-3.365155182010557
PLTR,0.1298363055482598
PLUG,-81.19987957719836
PLUS,7.653163948213436
PLXS,4.292825851288978
PMCB,-39.201925613335376
PMTS,10.90259086173889
PMVP,-92.54141777993357
PNBK,-97.03599730593756
PNFP,7.586796945510662
PNRG,9.497365620269113
PNTG,2.141839075598354
POAI,-150.89359453668945
POCI,-0.44055328208443517
PODC,-12.010237404313084
PODD,1.0969471953419727
POLA,-93.12009192551531
POOL,5.357757699889587
POWI,1.3372596740064275
POWL,2.4248583692803196
POWW,-1.8601249369961954
PPBI,1.3990080707235173
PPC,3.2215471438934045
PPIH,8.035964734003134
PPSI,-4.696174461149239
PRAA,-9.643606904211492
PRAX,-8.241158267415766
PRCH,-29.92952212805815
PRCT,-2.7469512500587294
PRDO,10.200580512164
PRGS,3.241039436847188
PRLD,-260.18447017430066
PRME,-57.08438699780323
PROK,-65.26379578765659
PROP,-39.24265584546246
PROV,11.696537476441348
PRPH,-282.514038903224
PRPL,-107.87633795758187
PRPO,-59.37614269021403
PRSO,-509.7376740301175
PRTA,-22.190605219000254
PRTC,-7.732972034349106
PRTH,0.9096923453304177
PRTS,-12.87783977250829
PRVA,1.056068346446458
PSEC,-5.444567604880066
PSIX,2.8143948066137945
PSMT,6.126941036426605
PSNL,-26.129016391863246
PSTV,-181.89061897859548
PTC,1.4552274499071756
PTCT,-18.04784096858611
PTEN,9.994099034887864
PTGX,-3.561270909357931
PTIX,-181.62520684764394
PTLO,3.2628717196902968
PTMN,7.033822679911082
PTON,-47.302340079184994
PTPI,-271.7382786896651
PTVE,-7.103161609024079
PUBM,1.7659181386549736
PULM,-51.55135969859923
PVBC,7.016091477260209
PWOD,8.893038658519542
PWP,-7.653913660366841
PWUP,5.475115464143351
PXLW,-54.164400669036326
PYCR,-2.6236686128285043
PYPL,6.029818689404677
PYXS,-82.72556000069507
PZZA,7.976143737451342
QCOM,3.955222283334824
QCRH,9.850664793064311
QDEL,-1.0173304084025696
QIPT,-2.0535886194820887
QLGN,-484.1808669108171
QLYS,3.4448896944540035
QMCO,-13.17809312880122
QNCX,-44.85916421221046
QNST,-1.6013544511120736
QQQX,24.796478243887968
QRHC,-5.999338247041804
QRTEA,46.85769732668515
QRTEB,358.86434962383186
QRVO,1.634096644658456
QSI,-38.096296766817
QTI,-33.63111583396198
QTRX,-6.313296580938571
QUBT,-1.9797769977783006
QUIK,-0.22539306802323933
RAIL,-9.890426185664543
RAND,10.254574172488857
RANI,-149.8400570020422
RAPP,-5.727556652594274
RAPT,-77.61284323173186
RARE,-15.175218628569512
RAVE,6.089299147158251
RBB,18.375598888328422
RBBN,-8.033698560274399
RBCAA,10.21198420585891
RBKB,5.063414075216032
RCAT,-3.730687683968376
RCEL,-15.18597419553167
RCKT,-21.87112883824753
RCKY,7.592541620317397
RCMT,15.036214320796867
RDFN,-12.708019043434629
RDI,-89.38003356096831
RDIB,-280.0756327791476
RDNT,0.7871925957053725
RDUS,-8.446711643952053
RDVT,0.743079613691147
RDZN,-14.544172024459389
REAL,-16.923819898413008
REBN,-25.235176927060575
REFI,12.962145537106801
REFR,-3.745778755106085
REG,2.843429103464392
REGN,5.826873070709463
REKR,-24.028372218537626
RELI,-230.84242707295508
RELL,15.518614680609488
RELY,-2.370676759025961
RENB,-32.75649062135586
RENE,7.471140152862089
RENT,-482.78601943448336
REPL,-16.49151113406656
REVB,-5.770630144327656
REYN,6.65289358566699
RFIL,-7.288563239313269
RGCO,7.009665620328215
RGEN,0.6331034121166954
RGLD,3.0456125162141356
RGLS,-37.28164108928376
RGNX,-68.04774286587248
RGP,26.99246420044426
RGS,-19.736209391542186
RGTI,-1.9910345932737532
RICK,7.450426866803878
RIGL,-6.731621046034513
RILY,-103.23840609139386
RIME,-143.50473677825983
RIOT,-1.3232097578608342
RIVN,-43.27762015799602
RKDA,-192.78503084384658
RKLB,-1.4042397947215697
RLAY,-45.705969655914885
RLMD,-963.2382762562195
RLYB,-206.93838850479395
RMBI,7.59664664745858
RMBL,-100.3074997220687
RMBS,2.9099157875874972
RMCF,-35.22774937595486
RMCO,-11.831971085699431
RMNI,16.138703924924023
RMR,50.768117692704465
RMTI,-12.926602387085003
RNA,-5.565527511775121
RNAC,-46.65254941876651
RNAZ,-355.1621139372073
RNXT,-31.11753587799882
ROAD,1.7366068627240838
ROCK,8.356989201600134
ROIC,1.6283461560595334
ROKU,-6.913866633714026
ROOT,-12.971469806571978
ROP,2.817112092573075
ROST,4.096002009954032
RPAY,-18.481024161819036
RPD,-6.153356528299664
RPID,-63.46870616713664
RPRX,12.213291513612615
RR,-0.261461619572944
RRBI,11.415065330818646
RRGB,-20.214530302564686
RRR,13.127125493852418
RSLS,-437.4034557767163
RSSS,0.45694933632962587
RSVR,1.610739413945473
RUM,-8.250531092057928
RUN,-136.53909646665397
RUSHA,12.49437682940089
RUSHB,48.89143027275875
RVMD,-5.648853480190592
RVNC,-85.18509941059995
RVPH,-42.3376673143127
RVSB,20.069643247025702
RVYL,-595.117360226526
RWAY,10.36001758537109
RXRX,-11.938465829786423
RXST,-3.577219455470895
RXT,-140.61669702346796
RYTM,-5.042607876976547
RZLT,-17.056414425834262
SABR,-38.29432207872072
SABS,-212.63888416078464
SAFT,2.1010779562386244
SAGE,-121.92453522695192
SAIA,3.72665550068617
SAIC,7.137713067825202
SAMG,11.342417256316956
SANA,-41.45985191891415
SANM,9.310188793732655
SANW,77.3045497690272
SASR,10.991837403348844
SATS,-45.30658944147656
SAVA,-85.6229805713859
SBAC,2.579913040793105
SBC,14.726120797911586
SBCF,5.645739509619507
SBFG,10.178512786450128
SBGI,-102.73107084465276
SBRA,0.39388241910401744
SBT,4.278198765714138
SBUX,4.396714830533597
SCHL,21.886840788168506
SCKT,-30.709279369583342
SCLX,-147.4141577589751
SCNX,-40.882480566770724
SCOR,-220.4144593879137
SCPH,-34.22879850360011
SCSC,12.873506133150677
SCVL,21.264386841646797
SCWO,-11.625720636345703
SCWX,-91.30741025501635
SCYX,161.69085615210855
SDGR,2.72582840871616
SDIG,-194.96735822796757
SDOT,-60.256011391579555
SEAT,12.428591050265174
SEER,-69.50938012879115
SEIC,5.462863278042438
SELF,5.0634956945399034
SENEA,3.630296122659897
SENEB,11.813861847945821
SEPN,0.7027580796198127
SERA,-20.96358097527898
SERV,-3.0533594201828542
SEVN,13.372240655006356
SEZL,0.596310154761704
SFBC,7.219260032825253
SFIX,-31.085760635587494
SFM,2.1519243927010185
SFNC,7.1591779074071615
SFST,5.985288698221174
SGA,16.41040007466879
SGBX,-652.0264550465679
SGC,4.020269764751543
SGD,-188.33930785251346
SGHT,-40.29237889244517
SGLY,-479.18592541293907
SGMA,177.7525340027141
SGMO,-107.69549055954775
SGMT,-19.501202119410458
SGRY,4.197781817460422
SHBI,2.6915526133581142
SHC,2.7303979795445676
SHEN,1.9205610529021169
SHFS,-70.06417469604877
SHIM,-2.760789375622604
SHLS,7.258723617789722
SHOO,7.9748864999132865
SHPH,-224.61431355826647
SHYF,0.17691133249768146
SIBN,-6.071269066322035
SIDU,-43.31490257648486
SIEB,9.846554578260891
SIGA,21.26789238638442
SIGI,9.110082363839462
SILO,-45.23483293031526
SINT,-199.6867488173293
SIRI,14.88231445535212
SITM,-1.6812071224001024
SJW,5.249716751435409
SKGR,7.182680991303352
SKIN,-49.450472650014184
SKWD,5.93663271924315
SKYE,-42.709638685269155
SKYT,-5.48445834603776
SKYW,0.8457008379239317
SLAB,-0.2410563630795102
SLDB,-76.2889689321189
SLDP,-26.523929197873393
SLE,-356.59342321773113
SLM,13.20644582393849
SLMBP,2.38386926107367
SLNG,0.2812283505614278
SLNO,-1.8636210205759247
SLP,1.704424242284686
SLRC,8.295094181310041
SLRN,-198.12546515027677
SLRX,-363.3264648283668
SLS,-32.10624536118924
SMBC,7.584482933307966
SMCI,4.797588401220987
SMID,0.6688273145702318
SMLR,4.976617949087422
SMMT,-4.17347083145892
SMPL,4.638500374719188
SMSI,-110.20524783949884
SMTC,1.434782446313165
SMTI,-1.427974490815929
SMXT,0.4813958442665115
SNAX,-631.5378195913185
SNBR,-5.2092831414037
SNCR,-28.345297812848546
SNCY,10.701595262468935
SND,-2.261662364419769
SNDX,-17.10416487808212
SNES,-267.35041796128763
SNEX,9.258004317187988
SNFCA,6.223844715043585
SNGX,-138.2209533596893
SNOA,-150.04087050795607
SNPS,1.6233311534435784
SNPX,-154.1280644238782
SNSE,-283.8243874767841
SNTI,-393.3998591616618
SOFI,-1.7853230249154874
SOHO,21.828351376997844
SOND,-872.7006504451995
SONM,2.038342309790939
SONN,-388.33027229337154
SONO,0.2686132310710414
SOPA,-204.01341605619044
SOTK,1.2537362232718776
SOUN,-1.655010734751366
SOWG,-10.51805935855239
SPAI,-19.1222273500298
SPFI,13.671613480382696
SPGC,-81.06865137252728
SPOK,6.965534230859814
SPRB,-305.4748038499104
SPRO,58.03622257955768
SPRY,-4.544225225672198
SPSC,1.2650913626240516
SPT,-3.9008050387361326
SPTN,11.402208087961068
SPWH,73.15328094800829
SQFT,152.69449449384322
SRBK,1.6946865113059786
SRCE,10.538184907698334
SRDX,0.5106097604441562
SRM,-38.44567935801865
SRPT,-4.784232371088894
SRRK,-4.42188811814106
SRTS,0.4905069194163561
SRZN,-121.39786759210564
SSBI,30.106527735131845
SSBK,12.861811546021887
SSKN,-92.52495606970658
SSNC,4.246310548507778
SSP,-738.5780414442993
SSSS,4.104804833531719
SSYS,-10.476930273178397
STAA,2.9248209004201757
STAF,-312.07822412467874
STBA,11.95259812586117
STEP,-0.8677987236655355
STHO,-168.8078927480872
STI,-37.843847925291364
STIM,-16.938255244598178
STKS,1.9957440098439323
STLD,16.528438263634392
STOK,-17.158711766026226
STRA,4.180332836916838
STRL,4.529822173454278
STRM,-63.006495218571466
STRO,-56.552071523168614
STRR,-37.65871032675033
STRS,-9.780204826399022
STRT,-5.0167609965266555
STSS,-562.4537907211194
STTK,-142.30543294245254
SUPN,0.13422245909575165
SURG,65.58412045752135
SVC,-6.547083638330996
SVCO,0.21079924533870167
SVII,9.783472112568017
SVRA,-11.382771773159302
SWAG,0.3538644636373098
SWBI,10.538251935938895
SWIM,-1.235872235872236
SWKH,7.283757196529557
SWKS,7.875402582240312
SWTX,-12.201218100583615
SXTP,-119.52963109418144
SYBT,6.430369181804277
SYBX,-370.9343155825316
SYM,-6.820971988219451
SYNA,3.698304179601485
SYPR,-1.8762246739833395
SYRA,-72.15850956487162
SYRE,-24.536415448231917
SYRS,-3701.4985059248793
TACT,12.960147819893686
TAIT,16.63581927311774
TALK,-3.552663366487536
TARA,-23.540101658062955
TARS,-6.566134196104609
TASK,24.133483949105507
TAYD,7.156489008180096
TBBK,8.804940505219939
TBCH,-5.134516789561967
TBLD,19.269716365775633
TBMC,1.865432757705277
TBNK,9.806848334336502
TBRG,-14.504485177301675
TCBI,6.906191898889786
TCBK,11.302192126137097
TCBS,-1.9161504525139088
TCBX,8.536654315884768
TCMD,3.7898658621557684
TCPC,4.966013980844203
TCRT,-1443.7733678458442
TCRX,-70.29689814326302
TDUP,-35.234226855136036
TECH,2.9581936799917505
TELA,-44.37132139932679
TELO,-10.535983518622928
TEM,-2.2767152045329784
TENB,-1.2963119817377353
TENX,-38.01541925634377
TER,2.904960138589106
TERN,-24.23898883669362
TFIN,2.9724606392857336
TFSL,2.4674256135949966
TGL,-137.03178430397742
TGTX,0.2665532622507203
TH,23.92365649221179
THAR,-240.95912087912086
THFF,12.77925969217816
THRD,-13.600198429471815
THRM,4.900181080389613
THRY,-34.36892718779652
TIL,-116.1637538409598
TILE,4.628096304688675
TIPT,11.106519126211452
TITN,32.83594854813895
TIVC,-351.1226025064191
TKNO,-7.56029127368907
TLF,10.990607250516904
TLPH,-106.91682313918271
TLRY,-156.83850662453557
TLS,-16.214063129449606
TLSI,-36.3192305375787
TMCI,-8.204467801608605
TMDX,-1.1557451201152888
TMUS,4.046006517049054
TNDM,-9.213240757248126
TNFA,-199.43002585004425
TNGX,-32.5062147621403
TNXP,-320.26341356917686
TNYA,-149.17255516203545
TOI,-120.07142227321054
TOMZ,-17.697966212345285
TOWN,6.978360623875611
TPCS,-2.6496220596480886
TPG,1.245290442116365
TPIC,-247.44484095398508
TPST,-73.53064027714461
TRAW,-69.29499115814124
TRDA,2.416959130215477
TREE,-21.203957872972744
TRIN,8.343035933509213
TRIP,5.720099374874593
TRMB,1.9595893118848007
TRMK,8.76345755792881
TRML,-10.571011171574298
TRNR,-1801.1767725645573
TRNS,1.8761622798893218
TROW,9.724593311546514
TRS,5.208555879667958
TRST,12.811928945322364
TRUE,-17.33645886802138
TRUP,-2.265310915683717
TRVI,-7.715515018964844
TSBK,14.388769421976333
TSBX,-587.1344830972705
TSCO,4.912828028776428
TSHA,-35.58011320316232
TSLA,0.8081098681090353
TSSI,0.042805386991508695
TSVT,-162.8347865098763
TTD,0.5053428592768994
TTEC,23.70099085087279
TTEK,4.372948301294252
TTGT,-4.754280120992412
TTMI,0.011956690981181522
TTNP,-184.58903930238404
TTOO,-786.5943228803114
TTSH,4.316185929174652
TTWO,-4.0946888922271985
TURN,-33.92213720542695
TUSK,6.544411649941183
TVGN,-0.02634261534708223
TVTX,-21.371906653858154
TW,3.6960317746876368
TWFG,4.684757642508212
TWIN,9.108115108289475
TWST,-6.4738562682109615
TXG,-16.08949001472136
TXN,4.49421733059839
TXRH,2.9271559791285124
TYGO,-1.3521785466420564
TYRA,-9.864285810597123
TZOO,7.586152098851964
TZUP,-10.760610645183124
UAL,9.824205293406653
UBCP,13.116158710910037
UBFO,16.814795801238514
UBSI,8.63479776755855
UBX,-109.01025254278858
UCTT,-0.6991251340486602
UDMY,-9.704256539514857
UEIC,-71.60024323934606
UFCS,-6.312492188745828
UFPI,9.585360786773329
UFPT,2.593378715253433
UG,6.283877069058043
UGRO,-203.63609844902712
UHG,144.507482331268
UK,-1091.2066927343822
ULBI,7.490823925558514
ULCC,1.731554507387894
ULH,11.004196558040933
ULTA,8.68383704566939
ULY,1097.363766057991
UMBF,7.627050563158698
UNB,9.095650005914433
UNCY,-49.044921448482285
UNIT,-11.816654228442333
UNTY,11.132596949699948
UONE,162.13178071136218
UONEK,64.1228324765047
UPB,-3.858784401780698
UPBD,3.398372056171697
UPLD,-169.5353444756059
UPST,-4.165023417938522
UPWK,2.4009351921832027
UPXI,-365.3681088086965
URBN,4.467182925763685
USAU,-7.8610759003400865
USCB,5.730351460627309
USEG,-36.22636848356718
USGO,-6.881517199245371
USIO,-0.37807556019603605
USLM,2.9556045283008126
UTHR,8.049881439358801
UTMD,10.052401831193034
UVSP,10.212068797902285
VABK,12.182057058783982
VALU,6.454895878026671
VANI,-37.01341667094849
VBFC,1.862324580207094
VBTX,10.132416933549338
VC,11.453990827918686
VCEL,-0.08123200676746044
VCSA,-658.8861997492397
VCTR,6.524945090123316
VCYT,-2.193846066715779
VECO,-1.989238767208886
VEEE,-153.65107987120084
VERA,-4.14849677245015
VERB,-260.8522551383888
VERI,-42.16362909143693
VERU,-106.22113640981776
VERV,-31.380847641030034
VERX,-0.5712863213680086
VGAS,-11.717912116319571
VIAV,2.21617845137181
VICR,3.8228184659907094
VIGL,-81.5121862878665
VINC,-1113.7014987115763
VIR,-45.70526472637403
VIRC,4.593085359262022
VIRT,9.492158305240881
VIRX,-1651.2409196140943
VISL,-186.79641765048447
VITL,1.8439249091703924
VIVK,-26.8679832327901
VKTX,-2.4454352073521797
VLCN,-2405.834629025784
VLGEA,20.05225746508529
VLY,12.078993268563233
VLYPO,8.13638075496438
VLYPP,8.078562020819351
VMCA,5.5668762616776375
VMD,4.591314761314642
VMEO,2.3979601580715006
VNDA,2.522403681911948
VNOM,11.10702414207415
VOR,-70.49116245377162
VOXX,-20.87579652461628
VRA,-95.73158083341401
VRAR,-84.40383669451101
VRCA,-115.38707973843375
VRDN,-15.550313538339623
VREX,5.56552450249723
VRNS,-1.6836680959772559
VRNT,3.5112649345199163
VRPX,-284.648056414837
VRRM,2.015584592651459
VRSK,2.500247623122586
VRSN,4.703865532163987
VRTX,3.615667923935061
VSAT,-13.683081520923096
VSEC,2.729568081857288
VSTM,-34.37857509665789
VTGN,-73.11607952080223
VTRS,1.539776886706616
VTVT,-63.23188237325
VTYX,-145.93014841729993
VUZI,-16.047816873039146
VVOS,-59.13589754038551
VXRT,-51.411016126688395
VYGR,45.933696331508564
VYNE,-81.44171470808382
WABC,16.520018225036736
WAFD,13.555644603797981
WALD,-29.550260848561315
WASH,9.103524094238761
WATT,-216.70208665168408
WAY,-0.9209097213477279
WBA,-64.25082067826746
WBD,-15.498988974765792
WBTN,-8.00776226882701
WDAY,-0.46770345729993357
WDC,-6.917536072121121
WDFC,2.6853132386251044
WEN,9.120010805109462
WERN,6.835267419707303
WEST,-6.3835226156664495
WEYS,12.388900145148012
WFCF,4.635067930103817
WFRD,10.909631067151995
WGS,-9.191039103645785
WHF,8.725937452927718
WHLR,167.11221428734638
WINA,3.858463053440897
WING,1.0631391305545674
WINT,-1462.1727949705005
WINV,-2.515482211602762
WISA,-173.20282062324884
WKHS,-624.1437767223275
WLDN,2.942177338951688
WLFC,5.377798136654438
WMG,13.229922280027772
WMPN,2.6505127011562117
WNEB,10.087357317900253
WOOF,14.347558510184669
WORX,-152.92517884799764
WRAP,-33.950163541600176
WRLD,3.380509953426183
WSBC,8.449081425240948
WSBF,4.2309756817079025
WSC,7.081797796567736
WSFS,11.220214878772254
WTBA,8.113445371444486
WTFC,9.987349545545879
WTFCM,59.82335968398851
WULF,-3.3103357016183126
WVVI,-5.816791717705678
WVVIP,-9.991195185706223
WW,-89.51184098985858
WWD,2.4706564858372424
WYNN,3.110054515942834
XAIR,-228.57495993463942
XBIO,-66.03609046631573
XBIT,-23.951321866587502
XCUR,-52.16112139268676
XEL,4.176852358534363
XELB,-211.6065673821736
XERS,-11.865453974340804
XFOR,-98.77311169312404
XGN,-34.56825713966903
XMTR,-4.069723649585635
XNCR,-9.767308090995735
XOMA,-13.928194415066594
XOS,-314.77057890187734
XPEL,5.941066092734004
XPON,-175.56938583184657
XRAY,-4.5497170985908095
XRX,-2.7175975505905052
XTIA,-219.73380484369582
XWEL,-432.60336576359595
XXII,-2461.6606901220853
YHGJ,-1.4476977958080288
YMAB,-8.032280637245561
YORW,5.499187166361905
YOSH,-60.55256119463692
YOTA,4.40182582770419
YYAI,-433.93917805397234
Z,-1.0544559507698834
ZBIO,-11.890995003702475
ZBRA,1.6771680316789124
ZCAR,-789.7018985921753
ZD,3.3399367090413197
ZEUS,16.314304194740668
ZG,-3.5716278801918
ZI,10.455687248450364
ZIMV,-13.408704773864397
ZION,10.651926516326386
ZM,1.1043568391566703
ZNTL,-231.2716502912587
ZS,-0.5949073914763578
ZUMZ,10.925087422235263
ZVSA,-3158.8928086125725
ZYME,-11.77699569408338
ZYXI,5.109972361504525
